{
    "ana_url": "https://belgeler.yazbel.com/",
    "alt_urller": [
        "https://python-istihza.yazbel.com/",
        "https://github.com/yazbel/belgeler",
        "https://forum.yazbel.com/"
    ],
    "freq": {
        "YazBel": 3,
        "forumu": 1,
        "Konu": 1,
        "Cevaplar": 1,
        "G\u00f6r\u00fcnt\u00fclenenler": 1,
        "Aktivite": 1,
        "forumuna": 1,
        "ho\u015fgeldiniz!": 1,
        "ho\u015fgeldiniz": 1,
        "3": 3,
        "4115": 1,
        "Haziran": 1,
        "3,": 1,
        "2017": 1,
        "Django": 5,
        "3.1": 1,
        "SlugField": 1,
        "kullan\u0131m\u0131": 1,
        "2": 5,
        "23": 1,
        "Mart": 28,
        "23,": 6,
        "2021": 28,
        "C": 2,
        "mi": 1,
        "sisteme": 1,
        "daha": 1,
        "yak\u0131n": 1,
        "cpp": 2,
        "mi?": 1,
        "c": 1,
        ",": 6,
        "1": 3,
        "24": 1,
        "S\u00f6zl\u00fc\u011f\u00fc": 1,
        "bool": 1,
        "ifadeler": 1,
        "\u015feklinde": 1,
        "a\u00e7ma": 1,
        "Python": 18,
        "python": 9,
        "51": 1,
        "Web": 2,
        "konusunda": 1,
        "kafam": 1,
        "\u00e7ok": 1,
        "kar\u0131\u015f\u0131k": 1,
        "[javaScript": 1,
        "Django]": 1,
        "django": 3,
        "javascript": 1,
        "web-tasar\u0131m": 1,
        "5": 4,
        "36": 2,
        "Ascii": 1,
        "sorunu": 2,
        "4": 3,
        "54": 1,
        "End\u00fcstriyel": 1,
        "G\u00f6r\u00fcnt\u00fc": 1,
        "\u0130\u015fleme": 1,
        "opencv": 1,
        "0": 4,
        "Sadece": 1,
        "Yaz\u0131l\u0131m": 1,
        "Sayfas\u0131": 1,
        "Olarak": 1,
        "m\u0131": 1,
        "Kalacak?": 1,
        "16": 1,
        "274": 1,
        "22,": 4,
        "MX": 1,
        "Linux": 1,
        "Hakk\u0131nda": 2,
        "Ne": 1,
        "D\u00fc\u015f\u00fcn\u00fcyorsunuz?": 1,
        "linux": 1,
        "17": 1,
        "135": 1,
        "\u00d6\u011frenmek": 1,
        "i\u00e7in": 2,
        "okulu": 1,
        "b\u0131rakmal\u0131": 1,
        "m\u0131y\u0131z?": 1,
        "29": 1,
        "172": 1,
        "PhpMyadminden": 1,
        "resmi": 1,
        "\u00e7ekip": 1,
        "web": 1,
        "sayfas\u0131nda": 1,
        "g\u00f6sterme": 1,
        "38": 1,
        "S\u0131n\u0131fa": 1,
        "d\u0131\u015far\u0131dan": 1,
        "method": 1,
        "ekleme": 1,
        "ile": 3,
        "ilgili": 2,
        "bir": 3,
        "soru": 1,
        "11": 2,
        "122": 1,
        "21,": 6,
        "Tkinter": 1,
        "Buton": 1,
        "Soru": 1,
        "TkInter": 2,
        "89": 1,
        "M\u0131cropython": 1,
        "da": 1,
        "degi\u015fken": 1,
        "yazmak": 1,
        "55": 1,
        "Generic": 1,
        "Type": 1,
        "84": 1,
        "Hotmail": 1,
        "kullan\u0131c\u0131": 1,
        "ad\u0131": 1,
        "kontorol": 1,
        "selenium": 1,
        "86": 1,
        "Kivy": 3,
        "Clock.max_iteration": 1,
        "kivy": 2,
        "33": 1,
        "E\u011fitim": 1,
        "yaz\u0131l\u0131": 1,
        "kaynak": 1,
        "\u00f6nerir": 1,
        "misinizXX?": 1,
        "Java": 1,
        "69": 1,
        "20,": 4,
        "Instagrama": 1,
        "girerken": 1,
        "niye": 1,
        "hata": 1,
        "al\u0131yorum": 1,
        "15": 1,
        "93": 1,
        "yaz\u0131": 1,
        "i\u00e7inden": 1,
        "veri": 1,
        "\u00e7ekme": 1,
        "125": 1,
        "Bbb-dl": 1,
        "mod\u00fcl\u00fcn\u00fc": 1,
        "kullanm\u0131\u015f": 1,
        "olan": 1,
        "var": 1,
        "m\u0131?": 1,
        "71": 1,
        "Walrus": 1,
        "Operator": 1,
        "1197": 1,
        "Kas\u0131m": 1,
        "4,": 1,
        "2019": 1,
        "yazd\u0131\u011f\u0131m": 1,
        "projemi": 1,
        "Apk": 1,
        "ya": 1,
        "\u00e7evirip": 1,
        "mobilde": 1,
        "\u00e7al\u0131\u015ft\u0131ram\u0131yorum": 1,
        "75": 1,
        "19,": 8,
        "site": 1,
        "yazma": 1,
        "i\u015fi": 1,
        "\u0130\u015f": 1,
        "\u0130lanlar\u0131": 1,
        "css": 1,
        "php": 1,
        "119": 1,
        ".py": 1,
        "uzant\u0131l\u0131": 1,
        "dosyam\u0131": 1,
        "butonlu": 1,
        ".exe": 1,
        "dosyas\u0131na": 1,
        "d\u00f6n\u00fc\u015ft\u00fcrmek": 1,
        "istiyorum": 1,
        "100": 1,
        "tkinter": 1,
        "txt": 2,
        "dosyas\u0131n\u0131": 2,
        "kullanmak": 1,
        "64": 1,
        "Pytube": 1,
        "uygulama": 1,
        "hatas\u0131": 1,
        "pytube": 1,
        "67": 2,
        "Autocad": 1,
        "2018": 1,
        "program-tan\u0131t\u0131mlar\u0131": 1,
        "6": 1,
        "78": 1,
        "liste": 1,
        "i\u00e7ine": 1,
        "atma": 1,
        "10": 1,
        "108": 1,
        "BT": 1,
        "\u0130\u015fe": 1,
        "Al\u0131m\u2019da": 1,
        "\u0130stihdam": 1,
        "Verileri": 1,
        "Wiki": 1,
        "sonraki": 1,
        "sayfa": 1,
        "\u2192": 1,
        "Anasayfa": 1,
        "Kategoriler": 1,
        "SSS/Y\u00f6nergeler": 1,
        "\u00dcyelik": 1,
        "S\u00f6zle\u015fmesi": 1,
        "Gizlilik": 1,
        "\u0130lkeleri": 1,
        "Discoursetaraf\u0131ndan": 1,
        "destekleniyor,": 1,
        "en": 1,
        "iyi": 1,
        "\u015fekilde": 1,
        "JavaScript": 1,
        "etkinle\u015ftirildi\u011finde": 1,
        "g\u00f6r\u00fcnt\u00fclenebilir": 1
    },
    "perc": 20.0
}