{
    "ana_url": "https://www.chip.com.tr/",
    "alt_urller": [
        "https://www.chip.com.tr",
        "https://www.chip.com.tr/inceleme/",
        "https://www.chip.com.tr/inceleme/cep-telefonu/"
    ],
    "freq": {
        "Cep": 5,
        "Telefonu": 35,
        "\u0130ncelemeleri": 2,
        "ve": 29,
        "Testleri": 1,
        "-": 1,
        "CHIP": 7,
        "Online": 1,
        "\u0130nceleme": 13,
        "KategorilerCep": 1,
        "TelefonuTabletDiz\u00fcst\u00fcTelevizyonFoto\u011fraf": 1,
        "MakinesiAnakart\u0130\u015flemciEkran": 1,
        "Kart\u0131DepolamaADSL": 1,
        "ModemKlavye": 1,
        "MouseGiyilebilir": 1,
        "TeknolojiKulakl\u0131kSes": 1,
        "SistemiYaz\u0131c\u0131Oyunlar": 1,
        "Haber": 1,
        "KategorilerAndroidBilgisayarlarBilimBlockchain": 1,
        "BitcoinCep": 1,
        "TelefonuDijital": 1,
        "Foto\u011frafInternet": 1,
        "OnlineiPhone": 1,
        "X\u0130\u015f": 1,
        "d\u00fcnyas\u0131Mobil": 1,
        "UygulamalarOyun": 1,
        "E\u011flenceSamsung": 1,
        "Galaxy": 20,
        "S9Tesla": 1,
        "SpaceXWhatsAppWindows": 1,
        "10Yapay": 1,
        "zeka": 1,
        "F\u0131rsatlar": 1,
        "KategorilerLaptopTelefonOyuncu": 1,
        "Ekipmanlar\u0131TabletAk\u0131ll\u0131": 1,
        "saatlerAk\u0131ll\u0131": 1,
        "BileklikMonit\u00f6rTelevizyonKlavye": 1,
        "&": 1,
        "MouseKulakl\u0131k3D": 1,
        "Yaz\u0131c\u0131larEkran": 1,
        "Kart\u0131Ana": 1,
        "Kart\u0130\u015flemciler": 1,
        "Forum": 1,
        "Forum'da": 1,
        "Bug\u00fcn": 1,
        "Aktif": 1,
        "Konular": 1,
        "Telefonlar\u0131": 1,
        "Oyunlar": 1,
        "Bilgisayar": 1,
        "Bile\u015fenleri": 1,
        "Yaz\u0131l\u0131m": 1,
        "\u0130\u015fletim": 1,
        "Sistemleri": 1,
        "Test": 1,
        "Sat\u0131n": 3,
        "alma": 1,
        "CHIP-Life": 1,
        "Kullan\u0131c\u0131": 1,
        "Giri\u015f": 1,
        "yap": 1,
        "Online'a": 1,
        "kat\u0131l": 1,
        "Profilim": 1,
        "Denetim": 1,
        "Masas\u0131": 1,
        "\u00d6zel": 1,
        "Mesajlar": 1,
        "\u00c7\u0131k\u0131\u015f": 1,
        "Online\u0130nceleme": 1,
        "TestTelefonCep": 1,
        "T\u00fcm\u00fc": 1,
        "Alma": 1,
        "Rehberi": 1,
        "\u00dcreticiler": 1,
        "Samsung": 5,
        "HTC": 1,
        "Huawei": 7,
        "Nokia": 1,
        "Sony": 3,
        "LG": 1,
        "Lenovo": 1,
        "Xiaomi": 4,
        "Ericsson": 2,
        "Oppo": 4,
        "ASUS": 1,
        "Casper": 3,
        "Apple": 1,
        "General": 1,
        "Mobile": 3,
        "Honor": 2,
        "Motorola": 1,
        "Alcatel": 1,
        "Turkcell": 1,
        "BlackBerry": 1,
        "realme": 5,
        "Philips": 1,
        "Vestel": 1,
        "3COM": 1,
        "Reeder": 1,
        "Vodafone": 1,
        "Gigabyte": 1,
        "Spigen": 1,
        "TCL": 5,
        "TP-Link": 1,
        "T\u00fcrk": 1,
        "Telekom": 1,
        "ZTE": 1,
        "Avea": 1,
        "Kaan": 1,
        "Meizu": 4,
        "Prestigio": 1,
        "Toshiba": 1,
        "Dark": 1,
        "Escort": 1,
        "FLY": 1,
        "I-Mate": 1,
        "Microsoft": 1,
        "Teknosa": 1,
        "vivo": 5,
        "Acer": 1,
        "BenQ": 1,
        "Crea": 1,
        "Elephone": 1,
        "EVOBT": 1,
        "Fairphone": 1,
        "Firefly": 1,
        "GSmart": 1,
        "HP": 1,
        "Palm": 1,
        "Panasonic": 1,
        "Piranha": 1,
        "Sagem": 1,
        "TTN": 1,
        "Ulefone": 1,
        "Xpeech": 1,
        "16th": 3,
        "\u0130ncelemeUygun": 2,
        "fiyata": 1,
        "g\u00fcnl\u00fck": 1,
        "kullan\u0131mda": 1,
        "iyi": 1,
        "bir": 5,
        "ak\u0131ll\u0131": 12,
        "telefon": 8,
        "sat\u0131n": 10,
        "almak": 1,
        "isteyenler": 1,
        "i\u00e7in": 4,
        "alternatiflerden": 1,
        "biri": 1,
        "olan": 1,
        "nas\u0131l,": 3,
        "\u00f6zellikleri": 12,
        "neler": 4,
        "fiyat\u0131": 10,
        "ne": 8,
        "kadar?": 2,
        "\u0130\u015fte": 20,
        "hakk\u0131nda": 9,
        "bilmeniz": 10,
        "gerekenler.": 1,
        "A20": 1,
        "Y70": 2,
        "A5s": 3,
        "fiyatl\u0131": 3,
        "kategorisinde": 1,
        "yer": 1,
        "alan": 1,
        "neler,": 6,
        "kadar?Cep": 1,
        "/": 33,
        "12": 5,
        "\u015eubat": 3,
        "2021": 9,
        "18:15Samsung": 6,
        "S21": 2,
        "Ultra": 2,
        "\u0130ncelemeSamsung'un": 2,
        "16.499": 1,
        "TL": 5,
        "telefonunu": 1,
        "A'dan": 4,
        "Z'ye": 4,
        "inceledik!Cep": 4,
        "09": 2,
        "S20": 3,
        "FE": 1,
        "\"kabul": 1,
        "edilebilir": 1,
        "s\u0131n\u0131rlardaki\"": 1,
        "fiyat": 4,
        "kar\u015f\u0131l\u0131\u011f\u0131nda": 1,
        "amiral": 3,
        "gemisi": 3,
        "sunan": 1,
        "telefonu": 5,
        "FE'yi": 2,
        "inceledik.": 4,
        "Glaxy": 1,
        "S20'den": 1,
        "fark\u0131": 1,
        "var;": 1,
        "almaya": 1,
        "de\u011fer": 1,
        "mi?Cep": 1,
        "02": 4,
        "18:15Xiaomi": 5,
        "Mi": 5,
        "10T": 3,
        "Pro": 5,
        "\u0130ncelemeXiaomi'nin": 1,
        "2020'nin": 1,
        "son": 1,
        "serisi": 3,
        "modellerinden": 2,
        "Pro'yu": 3,
        "inceledik.Cep": 2,
        "25": 2,
        "Aral\u0131k": 4,
        "2020": 27,
        "18:15Huawei": 4,
        "Mate": 7,
        "40": 2,
        "\u0130ncelemeHuawei'nin": 2,
        "bug\u00fcne": 1,
        "kadar": 3,
        "\u00fcretti\u011fi": 1,
        "en": 2,
        "yetenekli": 1,
        "23": 2,
        "18:15TCL": 2,
        "10": 12,
        "SE": 2,
        "\u0130ncelemeTCL": 1,
        "Communication,": 1,
        "yeni": 11,
        "2449": 1,
        "etiketi": 1,
        "ile": 4,
        "dikkat": 3,
        "toplarken": 1,
        "performans\u0131": 1,
        "al\u0131n\u0131r": 5,
        "m\u0131": 1,
        "sorular\u0131n\u0131": 1,
        "yan\u0131tlad\u0131k!Cep": 1,
        "22": 2,
        "M51": 3,
        "\u0130ncelemeSamsung'dan": 1,
        "orta": 3,
        "segmente": 2,
        "Powerbank": 1,
        "gibi": 1,
        "telefon!": 1,
        "gerekenler": 1,
        "incelemesi.Cep": 6,
        "18:15OPPO": 6,
        "A73": 2,
        "\u0130ncelemeB\u00fct\u00e7e": 2,
        "dostu": 1,
        "s\u0131n\u0131f\u0131": 2,
        "telefonlara": 1,
        "se\u00e7enek": 1,
        "OPPO'dan": 1,
        "geldi.": 1,
        "OPPO": 8,
        "\u00f6zellikleri,": 4,
        "yetenekleri": 1,
        "t\u00fcm": 9,
        "gerekenler.Cep": 2,
        "24": 1,
        "Kas\u0131m": 6,
        "Z": 2,
        "Fold2": 2,
        "5G": 1,
        "\u0130ncelemeEn": 1,
        "katlanabilir": 1,
        "5G'yi": 1,
        "detaylar\u0131yla": 4,
        "20": 6,
        "18:15Casper": 2,
        "VIA": 6,
        "X20": 1,
        "\u0130ncelemeCasper'\u0131n": 1,
        "merak": 4,
        "edilen": 2,
        "X20'yi": 1,
        "performans\u0131,": 1,
        "gereken": 5,
        "her": 3,
        "\u015fey!Cep": 2,
        "19": 1,
        "POCO": 3,
        "X3": 3,
        "NFC": 2,
        "\u0130ncelemeOrta": 2,
        "s\u0131n\u0131f": 1,
        "telefonlar\u0131n": 2,
        "ger\u00e7ek": 1,
        "\u015fampiyonu": 2,
        "mi?": 1,
        "Snapdragon": 1,
        "735G": 1,
        "i\u015flemci,": 1,
        "5160": 1,
        "mAh": 1,
        "dev": 1,
        "batarya,": 1,
        "120Hz": 1,
        "ekran": 1,
        "AI": 1,
        "destekli": 1,
        "64": 1,
        "MP": 1,
        "4'l\u00fc": 1,
        "kamera": 1,
        "kurulumu": 1,
        "gelen": 1,
        "NFC'yi": 1,
        "inceliyoruz.Cep": 1,
        "P": 3,
        "Smart": 1,
        "\u0130ncelemeHuawei": 1,
        "smart": 2,
        "m\u0131?": 5,
        "Note": 10,
        "\u0130ncelemeSamsung": 2,
        "almadan": 3,
        "\u00f6nce": 3,
        "\u015feyler": 1,
        "var.": 1,
        "kadar,": 2,
        "kameras\u0131": 1,
        "neler?": 2,
        "detaylar\u0131": 1,
        "kapsaml\u0131": 1,
        "incelemesi...Cep": 1,
        "18:15VIVO": 1,
        "X50": 3,
        "Lite": 8,
        "\u0130nceleme\u0130\u015fte": 1,
        "gerekenler,": 1,
        "k\u0131yaslamalar": 1,
        "incelemesi!Cep": 5,
        "29": 1,
        "Ekim": 7,
        "Reno4": 9,
        "\u0130ncelemeOPPO": 2,
        "serisinin": 2,
        "ortanca": 1,
        "modeli": 2,
        "Reno4'\u00fc": 1,
        "edilenler": 1,
        "telefonun": 1,
        "\u00f6nemli": 1,
        "\u00f6zellikleri!Cep": 1,
        "\u0130ncelemeOPPO'nun": 3,
        "ailesinin": 1,
        "\"Lite\"": 1,
        "Lite'\u0131n": 1,
        "farklar\u0131": 1,
        "gerekenleri": 1,
        "anlatt\u0131k.": 1,
        "Reno": 5,
        "4": 2,
        "incelemesiyle": 1,
        "kar\u015f\u0131n\u0131zday\u0131z!": 1,
        "PRO'u": 1,
        "inceledik!": 1,
        "detaylar...Cep": 1,
        "A72": 2,
        "\u0130nceleme3000": 1,
        "band\u0131nda": 1,
        "de\u011ferlendirilmesi": 1,
        "telefon:": 1,
        "A72'yi": 1,
        "\u00f6zellikleriyle": 2,
        "sorular\u0131n": 1,
        "yan\u0131tlar\u0131...Cep": 1,
        "14": 2,
        "18:15realme": 2,
        "C3i": 4,
        "\u0130nceleme1899": 1,
        "b\u00fct\u00e7eye": 1,
        "uygun": 2,
        "arayanlara": 1,
        "sunuyor?": 1,
        "Redmi": 4,
        "9S": 2,
        "mu?": 1,
        "detayl\u0131": 2,
        "incelemesi": 1,
        "01": 1,
        "Plus": 3,
        "segmentin": 1,
        "\u00e7eken": 1,
        "Plus'\u0131n": 1,
        "\u015fey": 1,
        "30": 1,
        "Eyl\u00fcl": 7,
        "A91": 3,
        "segment": 1,
        "g\u00f6r\u00fcn\u00fcm\u00fcyle": 1,
        "\u00e7ekse": 1,
        "de": 2,
        "kafa": 1,
        "kar\u0131\u015ft\u0131r\u0131yor.": 1,
        "Peki,": 1,
        "neden?": 1,
        "18": 1,
        "C11": 2,
        "\u0130nceleme40": 1,
        "G\u00fcn": 1,
        "Bekleyen": 1,
        "Telefon:": 1,
        "\u0130ncelemesi!Cep": 1,
        "17": 1,
        "d\u00f6nem": 1,
        "efsanevi": 1,
        "hala": 1,
        "9": 2,
        "\u0130ncelemeHerkesin": 1,
        "etti\u011fi": 1,
        "11": 1,
        "A10s": 4,
        "kullan\u0131c\u0131lar": 2,
        "giri\u015f": 1,
        "\u2013": 1,
        "konumlanan": 1,
        "model.": 1,
        "Peki": 1,
        "04": 1,
        "18:15Oppo": 1,
        "10x": 3,
        "Zoom": 3,
        "g\u00fc\u00e7l\u00fc": 1,
        "telefonlar\u0131ndan": 1,
        "nas\u0131l": 1,
        "performans": 2,
        "g\u00f6steriyor,": 1,
        "kameralar\u0131": 1,
        "nas\u0131l?": 1,
        "lite": 2,
        "\u0130ncelemeAndroid'in": 1,
        "kral\u0131": 1,
        "28": 1,
        "A\u011fustos": 3,
        "G3": 3,
        "\u0130ncelemeCasper": 1,
        "26": 1,
        "Y7": 2,
        "Prime": 2,
        "(2019)": 1,
        "\u0130ncelemeB\u00fct\u00e7esi": 1,
        "2000": 1,
        "s\u0131n\u0131rl\u0131": 1,
        "se\u00e7ene\u011fi": 1,
        "(2019)'u": 1,
        "18:1512345\u202617": 1,
        "Pop\u00fcler": 1,
        "\u0130ncelemeler": 1,
        "SoundHuawei": 1,
        "Sound": 1,
        "Epson": 1,
        "ColorWorks": 2,
        "CW-C6500Epson": 1,
        "CW-C6500": 1,
        "MSI": 1,
        "GL75": 2,
        "LeopardMSI": 1,
        "Leopard": 1,
        "Corsair": 1,
        "HS75": 2,
        "XBCorsair": 1,
        "XB": 1,
        "A5sOppo": 1,
        "Scale": 2,
        "2Honor": 1,
        "2": 2,
        "Y70vivo": 1,
        "Amazfit": 1,
        "GTS": 2,
        "2Amazfit": 1,
        "Asus": 2,
        "Rog": 2,
        "Strix": 2,
        "Scope": 2,
        "RXAsus": 1,
        "RX": 1,
        "RT-AX82UAsus": 1,
        "RT-AX82U": 1,
        "G\u00fcn\u00fcn": 1,
        "En": 1,
        "\u00e7ok": 1,
        "Okunanlar\u0131": 1,
        "Apple,": 2,
        "iPhone": 2,
        "Ekranlar\u0131": 1,
        "\u0130\u00e7in": 3,
        "Samsung'a": 1,
        "Ceza": 2,
        "\u00d6demek": 1,
        "Zorunda": 1,
        "Kalabilir": 1,
        "Kutusuna": 1,
        "\u015earj": 1,
        "Cihaz\u0131": 1,
        "Koymad\u0131\u011f\u0131": 1,
        "Yedi": 1,
        "Netflix,": 1,
        "The": 1,
        "Witcher": 1,
        "2.": 1,
        "sezondan": 1,
        "g\u00f6rseller": 1,
        "oyuncular": 1,
        "payla\u015ft\u0131!": 1,
        "Google,": 1,
        "Kendi": 1,
        "TikTok'unu": 1,
        "Geli\u015ftirdi:": 1,
        "Threadit": 1,
        "Sunduklar\u0131...": 1,
        "ClubHouse": 1,
        "Android": 1,
        "Uygulamas\u0131": 1,
        "Bir": 2,
        "Yeni": 1,
        "Haber;": 1,
        "Ciddi": 1,
        "Uyar\u0131": 1,
        "\u0130ncelemeleri,": 1,
        "Bili\u015fim": 1,
        "Teknoloji": 1,
        "Haberleri": 1,
        "Online\u2019da!": 1,
        "Gizlilik": 1,
        "\u0130lkesi": 1,
        "Kullan\u0131m": 1,
        "S\u00f6zle\u015fmesi": 1,
        "Ki\u015fisel": 1,
        "verilerin": 1,
        "korunmas\u0131": 1,
        "\u00c7erez": 1,
        "Politikas\u0131": 1,
        "\u0130leti\u015fim": 2,
        "Reklamveren": 1,
        "K\u00fcnye": 1,
        "\u0130NCELEMECep": 1,
        "TelefonuNotebookKulakl\u0131kKlavye": 1,
        "MouseEv": 1,
        "Elektroni\u011fiFareHoparl\u00f6rMonit\u00f6rAk\u0131ll\u0131": 1,
        "Saat\u00c7ok": 1,
        "Fonksiyonlu": 1,
        "Yaz\u0131c\u0131": 1,
        "G\u00dcNDEMLinuxAppleBilgisayarlarAndroidWindows": 1,
        "10WhatsAppSinemaNokiaHuawei": 1,
        "20Sa\u011fl\u0131kIP": 1,
        "SorgulamaH\u0131z": 1,
        "Testi": 1,
        "Speedtest": 1,
        "B\u0130Z\u0130": 1,
        "TAK\u0130P": 1,
        "ED\u0130N": 1,
        "Facebook": 1,
        "Twitter": 1,
        "LinkedIn": 1,
        "Youtube": 1,
        "Tumblr": 1,
        "Google": 1,
        "News": 1,
        "RSS": 1,
        "Say\u0131:": 1,
        "1": 1,
        "Ocak": 1,
        "CHIP'te": 1,
        "bu": 1,
        "ay": 1,
        "Yurti\u00e7i": 1,
        "Abonelik": 1,
        "PDF": 1,
        "Ar\u015fivi": 1,
        "Almak": 1,
        "Dergi": 2,
        "Yay\u0131n": 1,
        "\u0130lkeleri": 1,
        "\u00a9": 1,
        "Do\u011fan": 1,
        "Burda": 1,
        "Yay\u0131nc\u0131l\u0131k": 1,
        "Pazarlama": 1,
        "A.\u015e.": 1,
        "T\u00fcm": 1,
        "haklar\u0131": 1,
        "sakl\u0131d\u0131r.": 1
    },
    "perc": 60.0
}