[{"ana_url": "https://belgeler.yazbel.com/", "alt_urller": ["https://python-istihza.yazbel.com/", "https://github.com/yazbel/belgeler", "https://forum.yazbel.com/"], "freq": {"YazBel": 3, "forumu": 1, "Konu": 1, "Cevaplar": 1, "Görüntülenenler": 1, "Aktivite": 1, "forumuna": 1, "hoşgeldiniz!": 1, "hoşgeldiniz": 1, "3": 3, "4115": 1, "Haziran": 1, "3,": 1, "2017": 1, "Django": 5, "3.1": 1, "SlugField": 1, "kullanımı": 1, "2": 5, "23": 1, "Mart": 28, "23,": 6, "2021": 28, "C": 2, "mi": 1, "sisteme": 1, "daha": 1, "yakın": 1, "cpp": 2, "mi?": 1, "c": 1, ",": 6, "1": 3, "24": 1, "Sözlüğü": 1, "bool": 1, "ifadeler": 1, "şeklinde": 1, "açma": 1, "Python": 18, "python": 9, "51": 1, "Web": 2, "konusunda": 1, "kafam": 1, "çok": 1, "karışık": 1, "[javaScript": 1, "Django]": 1, "django": 3, "javascript": 1, "web-tasarım": 1, "5": 4, "36": 2, "Ascii": 1, "sorunu": 2, "4": 3, "54": 1, "Endüstriyel": 1, "Görüntü": 1, "İşleme": 1, "opencv": 1, "0": 4, "Sadece": 1, "Yazılım": 1, "Sayfası": 1, "Olarak": 1, "mı": 1, "Kalacak?": 1, "16": 1, "274": 1, "22,": 4, "MX": 1, "Linux": 1, "Hakkında": 2, "Ne": 1, "Düşünüyorsunuz?": 1, "linux": 1, "17": 1, "135": 1, "Öğrenmek": 1, "için": 2, "okulu": 1, "bırakmalı": 1, "mıyız?": 1, "29": 1, "172": 1, "PhpMyadminden": 1, "resmi": 1, "çekip": 1, "web": 1, "sayfasında": 1, "gösterme": 1, "38": 1, "Sınıfa": 1, "dışarıdan": 1, "method": 1, "ekleme": 1, "ile": 3, "ilgili": 2, "bir": 3, "soru": 1, "11": 2, "122": 1, "21,": 6, "Tkinter": 1, "Buton": 1, "Soru": 1, "TkInter": 2, "89": 1, "Mıcropython": 1, "da": 1, "degişken": 1, "yazmak": 1, "55": 1, "Generic": 1, "Type": 1, "84": 1, "Hotmail": 1, "kullanıcı": 1, "adı": 1, "kontorol": 1, "selenium": 1, "86": 1, "Kivy": 3, "Clock.max_iteration": 1, "kivy": 2, "33": 1, "Eğitim": 1, "yazılı": 1, "kaynak": 1, "önerir": 1, "misinizXX?": 1, "Java": 1, "69": 1, "20,": 4, "Instagrama": 1, "girerken": 1, "niye": 1, "hata": 1, "alıyorum": 1, "15": 1, "93": 1, "yazı": 1, "içinden": 1, "veri": 1, "çekme": 1, "125": 1, "Bbb-dl": 1, "modülünü": 1, "kullanmış": 1, "olan": 1, "var": 1, "mı?": 1, "71": 1, "Walrus": 1, "Operator": 1, "1197": 1, "Kasım": 1, "4,": 1, "2019": 1, "yazdığım": 1, "projemi": 1, "Apk": 1, "ya": 1, "çevirip": 1, "mobilde": 1, "çalıştıramıyorum": 1, "75": 1, "19,": 8, "site": 1, "yazma": 1, "işi": 1, "İş": 1, "İlanları": 1, "css": 1, "php": 1, "119": 1, ".py": 1, "uzantılı": 1, "dosyamı": 1, "butonlu": 1, ".exe": 1, "dosyasına": 1, "dönüştürmek": 1, "istiyorum": 1, "100": 1, "tkinter": 1, "txt": 2, "dosyasını": 2, "kullanmak": 1, "64": 1, "Pytube": 1, "uygulama": 1, "hatası": 1, "pytube": 1, "67": 2, "Autocad": 1, "2018": 1, "program-tanıtımları": 1, "6": 1, "78": 1, "liste": 1, "içine": 1, "atma": 1, "10": 1, "108": 1, "BT": 1, "İşe": 1, "Alım’da": 1, "İstihdam": 1, "Verileri": 1, "Wiki": 1, "sonraki": 1, "sayfa": 1, "→": 1, "Anasayfa": 1, "Kategoriler": 1, "SSS/Yönergeler": 1, "Üyelik": 1, "Sözleşmesi": 1, "Gizlilik": 1, "İlkeleri": 1, "Discoursetarafından": 1, "destekleniyor,": 1, "en": 1, "iyi": 1, "şekilde": 1, "JavaScript": 1, "etkinleştirildiğinde": 1, "görüntülenebilir": 1}, "perc": 20.0}, {"ana_url": "https://www.chip.com.tr/", "alt_urller": ["https://www.chip.com.tr", "https://www.chip.com.tr/inceleme/", "https://www.chip.com.tr/inceleme/cep-telefonu/"], "freq": {"Cep": 5, "Telefonu": 35, "İncelemeleri": 2, "ve": 29, "Testleri": 1, "-": 1, "CHIP": 7, "Online": 1, "İnceleme": 13, "KategorilerCep": 1, "TelefonuTabletDizüstüTelevizyonFotoğraf": 1, "MakinesiAnakartİşlemciEkran": 1, "KartıDepolamaADSL": 1, "ModemKlavye": 1, "MouseGiyilebilir": 1, "TeknolojiKulaklıkSes": 1, "SistemiYazıcıOyunlar": 1, "Haber": 1, "KategorilerAndroidBilgisayarlarBilimBlockchain": 1, "BitcoinCep": 1, "TelefonuDijital": 1, "FotoğrafInternet": 1, "OnlineiPhone": 1, "Xİş": 1, "dünyasıMobil": 1, "UygulamalarOyun": 1, "EğlenceSamsung": 1, "Galaxy": 20, "S9Tesla": 1, "SpaceXWhatsAppWindows": 1, "10Yapay": 1, "zeka": 1, "Fırsatlar": 1, "KategorilerLaptopTelefonOyuncu": 1, "EkipmanlarıTabletAkıllı": 1, "saatlerAkıllı": 1, "BileklikMonitörTelevizyonKlavye": 1, "&": 1, "MouseKulaklık3D": 1, "YazıcılarEkran": 1, "KartıAna": 1, "Kartİşlemciler": 1, "Forum": 1, "Forum'da": 1, "Bugün": 1, "Aktif": 1, "Konular": 1, "Telefonları": 1, "Oyunlar": 1, "Bilgisayar": 1, "Bileşenleri": 1, "Yazılım": 1, "İşletim": 1, "Sistemleri": 1, "Test": 1, "Satın": 3, "alma": 1, "CHIP-Life": 1, "Kullanıcı": 1, "Giriş": 1, "yap": 1, "Online'a": 1, "katıl": 1, "Profilim": 1, "Denetim": 1, "Masası": 1, "Özel": 1, "Mesajlar": 1, "Çıkış": 1, "Onlineİnceleme": 1, "TestTelefonCep": 1, "Tümü": 1, "Alma": 1, "Rehberi": 1, "Üreticiler": 1, "Samsung": 5, "HTC": 1, "Huawei": 7, "Nokia": 1, "Sony": 3, "LG": 1, "Lenovo": 1, "Xiaomi": 4, "Ericsson": 2, "Oppo": 4, "ASUS": 1, "Casper": 3, "Apple": 1, "General": 1, "Mobile": 3, "Honor": 2, "Motorola": 1, "Alcatel": 1, "Turkcell": 1, "BlackBerry": 1, "realme": 5, "Philips": 1, "Vestel": 1, "3COM": 1, "Reeder": 1, "Vodafone": 1, "Gigabyte": 1, "Spigen": 1, "TCL": 5, "TP-Link": 1, "Türk": 1, "Telekom": 1, "ZTE": 1, "Avea": 1, "Kaan": 1, "Meizu": 4, "Prestigio": 1, "Toshiba": 1, "Dark": 1, "Escort": 1, "FLY": 1, "I-Mate": 1, "Microsoft": 1, "Teknosa": 1, "vivo": 5, "Acer": 1, "BenQ": 1, "Crea": 1, "Elephone": 1, "EVOBT": 1, "Fairphone": 1, "Firefly": 1, "GSmart": 1, "HP": 1, "Palm": 1, "Panasonic": 1, "Piranha": 1, "Sagem": 1, "TTN": 1, "Ulefone": 1, "Xpeech": 1, "16th": 3, "İncelemeUygun": 2, "fiyata": 1, "günlük": 1, "kullanımda": 1, "iyi": 1, "bir": 5, "akıllı": 12, "telefon": 8, "satın": 10, "almak": 1, "isteyenler": 1, "için": 4, "alternatiflerden": 1, "biri": 1, "olan": 1, "nasıl,": 3, "özellikleri": 12, "neler": 4, "fiyatı": 10, "ne": 8, "kadar?": 2, "İşte": 20, "hakkında": 9, "bilmeniz": 10, "gerekenler.": 1, "A20": 1, "Y70": 2, "A5s": 3, "fiyatlı": 3, "kategorisinde": 1, "yer": 1, "alan": 1, "neler,": 6, "kadar?Cep": 1, "/": 33, "12": 5, "Şubat": 3, "2021": 9, "18:15Samsung": 6, "S21": 2, "Ultra": 2, "İncelemeSamsung'un": 2, "16.499": 1, "TL": 5, "telefonunu": 1, "A'dan": 4, "Z'ye": 4, "inceledik!Cep": 4, "09": 2, "S20": 3, "FE": 1, "\"kabul": 1, "edilebilir": 1, "sınırlardaki\"": 1, "fiyat": 4, "karşılığında": 1, "amiral": 3, "gemisi": 3, "sunan": 1, "telefonu": 5, "FE'yi": 2, "inceledik.": 4, "Glaxy": 1, "S20'den": 1, "farkı": 1, "var;": 1, "almaya": 1, "değer": 1, "mi?Cep": 1, "02": 4, "18:15Xiaomi": 5, "Mi": 5, "10T": 3, "Pro": 5, "İncelemeXiaomi'nin": 1, "2020'nin": 1, "son": 1, "serisi": 3, "modellerinden": 2, "Pro'yu": 3, "inceledik.Cep": 2, "25": 2, "Aralık": 4, "2020": 27, "18:15Huawei": 4, "Mate": 7, "40": 2, "İncelemeHuawei'nin": 2, "bugüne": 1, "kadar": 3, "ürettiği": 1, "en": 2, "yetenekli": 1, "23": 2, "18:15TCL": 2, "10": 12, "SE": 2, "İncelemeTCL": 1, "Communication,": 1, "yeni": 11, "2449": 1, "etiketi": 1, "ile": 4, "dikkat": 3, "toplarken": 1, "performansı": 1, "alınır": 5, "mı": 1, "sorularını": 1, "yanıtladık!Cep": 1, "22": 2, "M51": 3, "İncelemeSamsung'dan": 1, "orta": 3, "segmente": 2, "Powerbank": 1, "gibi": 1, "telefon!": 1, "gerekenler": 1, "incelemesi.Cep": 6, "18:15OPPO": 6, "A73": 2, "İncelemeBütçe": 2, "dostu": 1, "sınıfı": 2, "telefonlara": 1, "seçenek": 1, "OPPO'dan": 1, "geldi.": 1, "OPPO": 8, "özellikleri,": 4, "yetenekleri": 1, "tüm": 9, "gerekenler.Cep": 2, "24": 1, "Kasım": 6, "Z": 2, "Fold2": 2, "5G": 1, "İncelemeEn": 1, "katlanabilir": 1, "5G'yi": 1, "detaylarıyla": 4, "20": 6, "18:15Casper": 2, "VIA": 6, "X20": 1, "İncelemeCasper'ın": 1, "merak": 4, "edilen": 2, "X20'yi": 1, "performansı,": 1, "gereken": 5, "her": 3, "şey!Cep": 2, "19": 1, "POCO": 3, "X3": 3, "NFC": 2, "İncelemeOrta": 2, "sınıf": 1, "telefonların": 2, "gerçek": 1, "şampiyonu": 2, "mi?": 1, "Snapdragon": 1, "735G": 1, "işlemci,": 1, "5160": 1, "mAh": 1, "dev": 1, "batarya,": 1, "120Hz": 1, "ekran": 1, "AI": 1, "destekli": 1, "64": 1, "MP": 1, "4'lü": 1, "kamera": 1, "kurulumu": 1, "gelen": 1, "NFC'yi": 1, "inceliyoruz.Cep": 1, "P": 3, "Smart": 1, "İncelemeHuawei": 1, "smart": 2, "mı?": 5, "Note": 10, "İncelemeSamsung": 2, "almadan": 3, "önce": 3, "şeyler": 1, "var.": 1, "kadar,": 2, "kamerası": 1, "neler?": 2, "detayları": 1, "kapsamlı": 1, "incelemesi...Cep": 1, "18:15VIVO": 1, "X50": 3, "Lite": 8, "İncelemeİşte": 1, "gerekenler,": 1, "kıyaslamalar": 1, "incelemesi!Cep": 5, "29": 1, "Ekim": 7, "Reno4": 9, "İncelemeOPPO": 2, "serisinin": 2, "ortanca": 1, "modeli": 2, "Reno4'ü": 1, "edilenler": 1, "telefonun": 1, "önemli": 1, "özellikleri!Cep": 1, "İncelemeOPPO'nun": 3, "ailesinin": 1, "\"Lite\"": 1, "Lite'ın": 1, "farkları": 1, "gerekenleri": 1, "anlattık.": 1, "Reno": 5, "4": 2, "incelemesiyle": 1, "karşınızdayız!": 1, "PRO'u": 1, "inceledik!": 1, "detaylar...Cep": 1, "A72": 2, "İnceleme3000": 1, "bandında": 1, "değerlendirilmesi": 1, "telefon:": 1, "A72'yi": 1, "özellikleriyle": 2, "soruların": 1, "yanıtları...Cep": 1, "14": 2, "18:15realme": 2, "C3i": 4, "İnceleme1899": 1, "bütçeye": 1, "uygun": 2, "arayanlara": 1, "sunuyor?": 1, "Redmi": 4, "9S": 2, "mu?": 1, "detaylı": 2, "incelemesi": 1, "01": 1, "Plus": 3, "segmentin": 1, "çeken": 1, "Plus'ın": 1, "şey": 1, "30": 1, "Eylül": 7, "A91": 3, "segment": 1, "görünümüyle": 1, "çekse": 1, "de": 2, "kafa": 1, "karıştırıyor.": 1, "Peki,": 1, "neden?": 1, "18": 1, "C11": 2, "İnceleme40": 1, "Gün": 1, "Bekleyen": 1, "Telefon:": 1, "İncelemesi!Cep": 1, "17": 1, "dönem": 1, "efsanevi": 1, "hala": 1, "9": 2, "İncelemeHerkesin": 1, "ettiği": 1, "11": 1, "A10s": 4, "kullanıcılar": 2, "giriş": 1, "–": 1, "konumlanan": 1, "model.": 1, "Peki": 1, "04": 1, "18:15Oppo": 1, "10x": 3, "Zoom": 3, "güçlü": 1, "telefonlarından": 1, "nasıl": 1, "performans": 2, "gösteriyor,": 1, "kameraları": 1, "nasıl?": 1, "lite": 2, "İncelemeAndroid'in": 1, "kralı": 1, "28": 1, "Ağustos": 3, "G3": 3, "İncelemeCasper": 1, "26": 1, "Y7": 2, "Prime": 2, "(2019)": 1, "İncelemeBütçesi": 1, "2000": 1, "sınırlı": 1, "seçeneği": 1, "(2019)'u": 1, "18:1512345…17": 1, "Popüler": 1, "İncelemeler": 1, "SoundHuawei": 1, "Sound": 1, "Epson": 1, "ColorWorks": 2, "CW-C6500Epson": 1, "CW-C6500": 1, "MSI": 1, "GL75": 2, "LeopardMSI": 1, "Leopard": 1, "Corsair": 1, "HS75": 2, "XBCorsair": 1, "XB": 1, "A5sOppo": 1, "Scale": 2, "2Honor": 1, "2": 2, "Y70vivo": 1, "Amazfit": 1, "GTS": 2, "2Amazfit": 1, "Asus": 2, "Rog": 2, "Strix": 2, "Scope": 2, "RXAsus": 1, "RX": 1, "RT-AX82UAsus": 1, "RT-AX82U": 1, "Günün": 1, "En": 1, "çok": 1, "Okunanları": 1, "Apple,": 2, "iPhone": 2, "Ekranları": 1, "İçin": 3, "Samsung'a": 1, "Ceza": 2, "Ödemek": 1, "Zorunda": 1, "Kalabilir": 1, "Kutusuna": 1, "Şarj": 1, "Cihazı": 1, "Koymadığı": 1, "Yedi": 1, "Netflix,": 1, "The": 1, "Witcher": 1, "2.": 1, "sezondan": 1, "görseller": 1, "oyuncular": 1, "paylaştı!": 1, "Google,": 1, "Kendi": 1, "TikTok'unu": 1, "Geliştirdi:": 1, "Threadit": 1, "Sundukları...": 1, "ClubHouse": 1, "Android": 1, "Uygulaması": 1, "Bir": 2, "Yeni": 1, "Haber;": 1, "Ciddi": 1, "Uyarı": 1, "İncelemeleri,": 1, "Bilişim": 1, "Teknoloji": 1, "Haberleri": 1, "Online’da!": 1, "Gizlilik": 1, "İlkesi": 1, "Kullanım": 1, "Sözleşmesi": 1, "Kişisel": 1, "verilerin": 1, "korunması": 1, "Çerez": 1, "Politikası": 1, "İletişim": 2, "Reklamveren": 1, "Künye": 1, "İNCELEMECep": 1, "TelefonuNotebookKulaklıkKlavye": 1, "MouseEv": 1, "ElektroniğiFareHoparlörMonitörAkıllı": 1, "SaatÇok": 1, "Fonksiyonlu": 1, "Yazıcı": 1, "GÜNDEMLinuxAppleBilgisayarlarAndroidWindows": 1, "10WhatsAppSinemaNokiaHuawei": 1, "20SağlıkIP": 1, "SorgulamaHız": 1, "Testi": 1, "Speedtest": 1, "BİZİ": 1, "TAKİP": 1, "EDİN": 1, "Facebook": 1, "Twitter": 1, "LinkedIn": 1, "Youtube": 1, "Tumblr": 1, "Google": 1, "News": 1, "RSS": 1, "Sayı:": 1, "1": 1, "Ocak": 1, "CHIP'te": 1, "bu": 1, "ay": 1, "Yurtiçi": 1, "Abonelik": 1, "PDF": 1, "Arşivi": 1, "Almak": 1, "Dergi": 2, "Yayın": 1, "İlkeleri": 1, "©": 1, "Doğan": 1, "Burda": 1, "Yayıncılık": 1, "Pazarlama": 1, "A.Ş.": 1, "Tüm": 1, "hakları": 1, "saklıdır.": 1}, "perc": 60.0}, {"percBetween": 0.0}]